x	y	clickSelects
0.12321621510006	-2.01946350612042	37
0.0979092546970399	0.700717342572091	37
0.0264448080734101	1.35043625070153	37
0.06315994639408	-2.15616943508979	37
0.03988113475063	2.49321827146386	37
0.10128608048471	2.12645732013726	37
0.0165859511423501	2.17667189186417	37
0.11331200128384	1.11158053996625	37
0.0744136147319401	-2.38547764646585	37
0.11989456797829	1.55935350588057	37
0.0716145739335701	-2.01489132533766	37
0.12116392113445	-2.09792650148665	37
0.0706505825586901	2.20341737535898	37
0.10372708128339	0.317499859827421	37
0.1048654380955	1.87563697823686	43
0.05828176195033	-0.473599927698047	43
0.12262597745622	0.275192734375381	43
0.10796810091176	2.11632890260594	43
0.09853439040663	2.36425023167753	43
0.11774534306567	-1.96968019719196	43
0.05527534522399	-1.89977465688829	43
0.08704430161583	-1.93124852959507	43
0.02858975781641	-2.47221986870869	43
0.10500713525045	1.98770343688547	43
0.0539415814665201	-0.739869954663249	43
0.0381935205213799	-0.460822210840959	43
0.0529606635263999	-0.0388344476282896	10
0.08807949936809	0.51255624545648	10
0.04653749649787	0.140737421059555	10
0.09276223080896	-0.987887739943204	10
0.10615714632248	2.26583066176862	10
0.08085166763557	1.63456076577363	10
0.00420496600190989	-2.31233688825554	10
0.12338401886605	-0.654544572064651	10
0.0380950302316601	-1.1192800826848	181
