group	fill	colour	clickSelects
1	#FFFFFF	#D3D3D3	95
2	#FFFFFF	#D3D3D3	95
3	#FFFFFF	#D3D3D3	95
4	#FFFFFF	#D3D3D3	95
5	#FFFFFF	#D3D3D3	158
6	#FFFFFF	#D3D3D3	158
7	#FFFFFF	#D3D3D3	95
8	#FFFFFF	#D3D3D3	55
9	#FFFFFF	#D3D3D3	158
10	#FFFFFF	#D3D3D3	158
11	#FFFFFF	#D3D3D3	69
12	#FFFFFF	#D3D3D3	69
13	#FFFFFF	#D3D3D3	159
14	#FFFFFF	#D3D3D3	95
15	#FFFFFF	#D3D3D3	159
16	#FFFFFF	#D3D3D3	31
17	#FFFFFF	#D3D3D3	159
18	#FFFFFF	#D3D3D3	31
19	#FFFFFF	#D3D3D3	31
20	#FFFFFF	#D3D3D3	31
21	#FFFFFF	#D3D3D3	128
22	#FFFFFF	#D3D3D3	128
23	#FFFFFF	#D3D3D3	128
24	#FFFFFF	#D3D3D3	128
25	#FFFFFF	#D3D3D3	95
26	#FFFFFF	#D3D3D3	128
27	#FFFFFF	#D3D3D3	128
36	#FFFFFF	#D3D3D3	95
46	#FFFFFF	#D3D3D3	95
47	#FFFFFF	#D3D3D3	95
48	#FFFFFF	#D3D3D3	95
49	#FFFFFF	#D3D3D3	95
50	#FFFFFF	#D3D3D3	95
52	#FFFFFF	#D3D3D3	95
53	#FFFFFF	#D3D3D3	95
54	#FFFFFF	#D3D3D3	95
55	#FFFFFF	#D3D3D3	158
56	#FFFFFF	#D3D3D3	158
57	#FFFFFF	#D3D3D3	158
58	#FFFFFF	#D3D3D3	95
59	#FFFFFF	#D3D3D3	158
60	#FFFFFF	#D3D3D3	158
61	#FFFFFF	#D3D3D3	158
62	#FFFFFF	#D3D3D3	69
63	#FFFFFF	#D3D3D3	69
64	#FFFFFF	#D3D3D3	95
65	#FFFFFF	#D3D3D3	159
66	#FFFFFF	#D3D3D3	159
67	#FFFFFF	#D3D3D3	31
68	#FFFFFF	#D3D3D3	31
69	#FFFFFF	#D3D3D3	31
70	#FFFFFF	#D3D3D3	31
71	#FFFFFF	#D3D3D3	128
72	#FFFFFF	#D3D3D3	128
73	#FFFFFF	#D3D3D3	128
74	#FFFFFF	#D3D3D3	128
75	#FFFFFF	#D3D3D3	95
76	#FFFFFF	#D3D3D3	128
77	#FFFFFF	#D3D3D3	128
86	#FFFFFF	#D3D3D3	95
97	#FFFFFF	#D3D3D3	95
98	#FFFFFF	#D3D3D3	95
99	#FFFFFF	#D3D3D3	95
100	#FFFFFF	#D3D3D3	95
101	#FFFFFF	#D3D3D3	95
102	#FFFFFF	#D3D3D3	95
103	#FFFFFF	#D3D3D3	95
104	#FFFFFF	#D3D3D3	95
105	#FFFFFF	#D3D3D3	95
106	#FFFFFF	#D3D3D3	158
107	#FFFFFF	#D3D3D3	158
108	#FFFFFF	#D3D3D3	158
109	#FFFFFF	#D3D3D3	158
110	#FFFFFF	#D3D3D3	158
111	#FFFFFF	#D3D3D3	158
112	#FFFFFF	#D3D3D3	158
113	#FFFFFF	#D3D3D3	158
114	#FFFFFF	#D3D3D3	69
115	#FFFFFF	#D3D3D3	95
116	#FFFFFF	#D3D3D3	159
117	#FFFFFF	#D3D3D3	159
118	#FFFFFF	#D3D3D3	31
119	#FFFFFF	#D3D3D3	31
120	#FFFFFF	#D3D3D3	31
121	#FFFFFF	#D3D3D3	128
122	#FFFFFF	#D3D3D3	128
123	#FFFFFF	#D3D3D3	128
124	#FFFFFF	#D3D3D3	128
125	#FFFFFF	#D3D3D3	128
126	#FFFFFF	#D3D3D3	95
127	#FFFFFF	#D3D3D3	128
137	#FFFFFF	#D3D3D3	95
147	#FFFFFF	#D3D3D3	95
148	#FFFFFF	#D3D3D3	95
149	#FFFFFF	#D3D3D3	95
150	#FFFFFF	#D3D3D3	95
151	#FFFFFF	#D3D3D3	95
153	#FFFFFF	#D3D3D3	201
154	#FFFFFF	#D3D3D3	95
155	#FFFFFF	#D3D3D3	158
156	#FFFFFF	#D3D3D3	158
157	#FFFFFF	#D3D3D3	52
158	#FFFFFF	#D3D3D3	52
159	#FFFFFF	#D3D3D3	52
160	#FFFFFF	#D3D3D3	52
161	#FFFFFF	#D3D3D3	52
162	#FFFFFF	#D3D3D3	52
163	#FFFFFF	#D3D3D3	52
164	#FFFFFF	#D3D3D3	52
165	#FFFFFF	#D3D3D3	158
166	#FFFFFF	#D3D3D3	234
167	#FFFFFF	#D3D3D3	234
168	#FFFFFF	#D3D3D3	234
176	#FFFFFF	#D3D3D3	158
187	#FFFFFF	#D3D3D3	158
198	#FFFFFF	#D3D3D3	158
199	#FFFFFF	#D3D3D3	158
200	#FFFFFF	#D3D3D3	158
201	#FFFFFF	#D3D3D3	158
202	#FFFFFF	#D3D3D3	158
203	#FFFFFF	#D3D3D3	201
204	#FFFFFF	#D3D3D3	95
205	#FFFFFF	#D3D3D3	95
206	#FFFFFF	#D3D3D3	158
207	#FFFFFF	#D3D3D3	158
208	#FFFFFF	#D3D3D3	52
209	#FFFFFF	#D3D3D3	52
210	#FFFFFF	#D3D3D3	52
211	#FFFFFF	#D3D3D3	52
212	#FFFFFF	#D3D3D3	52
213	#FFFFFF	#D3D3D3	52
214	#FFFFFF	#D3D3D3	52
215	#FFFFFF	#D3D3D3	234
216	#FFFFFF	#D3D3D3	158
217	#FFFFFF	#D3D3D3	234
218	#FFFFFF	#D3D3D3	234
227	#FFFFFF	#D3D3D3	158
238	#FFFFFF	#D3D3D3	158
248	#FFFFFF	#D3D3D3	158
249	#FFFFFF	#D3D3D3	158
250	#FFFFFF	#D3D3D3	158
251	#FFFFFF	#D3D3D3	158
252	#FFFFFF	#D3D3D3	158
254	#FFFFFF	#D3D3D3	201
255	#FFFFFF	#D3D3D3	95
256	#FFFFFF	#D3D3D3	52
257	#FFFFFF	#D3D3D3	158
258	#FFFFFF	#D3D3D3	158
259	#FFFFFF	#D3D3D3	52
260	#FFFFFF	#D3D3D3	52
261	#FFFFFF	#D3D3D3	52
262	#FFFFFF	#D3D3D3	234
263	#FFFFFF	#D3D3D3	52
264	#FFFFFF	#D3D3D3	52
265	#FFFFFF	#D3D3D3	234
266	#FFFFFF	#D3D3D3	95
267	#FFFFFF	#D3D3D3	234
268	#FFFFFF	#D3D3D3	234
277	#FFFFFF	#D3D3D3	158
288	#FFFFFF	#D3D3D3	158
299	#FFFFFF	#D3D3D3	158
300	#FFFFFF	#D3D3D3	158
301	#FFFFFF	#D3D3D3	158
302	#FFFFFF	#D3D3D3	158
303	#FFFFFF	#D3D3D3	52
304	#FFFFFF	#D3D3D3	134
305	#FFFFFF	#D3D3D3	95
306	#FFFFFF	#D3D3D3	95
307	#FFFFFF	#D3D3D3	52
308	#FFFFFF	#D3D3D3	158
309	#FFFFFF	#D3D3D3	52
310	#FFFFFF	#D3D3D3	52
311	#FFFFFF	#D3D3D3	52
312	#FFFFFF	#D3D3D3	234
313	#FFFFFF	#D3D3D3	234
314	#FFFFFF	#D3D3D3	52
315	#FFFFFF	#D3D3D3	234
316	#FFFFFF	#D3D3D3	234
317	#FFFFFF	#D3D3D3	95
318	#FFFFFF	#D3D3D3	234
328	#FFFFFF	#D3D3D3	158
339	#FFFFFF	#D3D3D3	14
349	#FFFFFF	#D3D3D3	158
350	#FFFFFF	#D3D3D3	158
351	#FFFFFF	#D3D3D3	158
352	#FFFFFF	#D3D3D3	52
353	#FFFFFF	#D3D3D3	52
356	#FFFFFF	#D3D3D3	95
357	#FFFFFF	#D3D3D3	52
358	#FFFFFF	#D3D3D3	52
359	#FFFFFF	#D3D3D3	158
360	#FFFFFF	#D3D3D3	52
361	#FFFFFF	#D3D3D3	52
362	#FFFFFF	#D3D3D3	234
363	#FFFFFF	#D3D3D3	234
364	#FFFFFF	#D3D3D3	52
365	#FFFFFF	#D3D3D3	234
366	#FFFFFF	#D3D3D3	234
367	#FFFFFF	#D3D3D3	95
368	#FFFFFF	#D3D3D3	234
378	#FFFFFF	#D3D3D3	95
389	#FFFFFF	#D3D3D3	158
400	#FFFFFF	#D3D3D3	14
401	#FFFFFF	#D3D3D3	158
402	#FFFFFF	#D3D3D3	158
403	#FFFFFF	#D3D3D3	52
404	#FFFFFF	#D3D3D3	52
406	#FFFFFF	#D3D3D3	134
407	#FFFFFF	#D3D3D3	95
408	#FFFFFF	#D3D3D3	52
409	#FFFFFF	#D3D3D3	52
410	#FFFFFF	#D3D3D3	158
411	#FFFFFF	#D3D3D3	158
412	#FFFFFF	#D3D3D3	52
413	#FFFFFF	#D3D3D3	234
414	#FFFFFF	#D3D3D3	234
415	#FFFFFF	#D3D3D3	234
416	#FFFFFF	#D3D3D3	234
417	#FFFFFF	#D3D3D3	234
418	#FFFFFF	#D3D3D3	95
429	#FFFFFF	#D3D3D3	95
440	#FFFFFF	#D3D3D3	14
450	#FFFFFF	#D3D3D3	14
451	#FFFFFF	#D3D3D3	158
452	#FFFFFF	#D3D3D3	14
453	#FFFFFF	#D3D3D3	52
454	#FFFFFF	#D3D3D3	52
458	#FFFFFF	#D3D3D3	52
459	#FFFFFF	#D3D3D3	52
460	#FFFFFF	#D3D3D3	52
461	#FFFFFF	#D3D3D3	158
462	#FFFFFF	#D3D3D3	158
463	#FFFFFF	#D3D3D3	52
464	#FFFFFF	#D3D3D3	234
465	#FFFFFF	#D3D3D3	234
466	#FFFFFF	#D3D3D3	234
467	#FFFFFF	#D3D3D3	234
468	#FFFFFF	#D3D3D3	95
479	#FFFFFF	#D3D3D3	14
490	#FFFFFF	#D3D3D3	14
501	#FFFFFF	#D3D3D3	14
502	#FFFFFF	#D3D3D3	14
503	#FFFFFF	#D3D3D3	14
504	#FFFFFF	#D3D3D3	14
505	#FFFFFF	#D3D3D3	52
509	#FFFFFF	#D3D3D3	52
510	#FFFFFF	#D3D3D3	52
511	#FFFFFF	#D3D3D3	52
512	#FFFFFF	#D3D3D3	158
513	#FFFFFF	#D3D3D3	158
514	#FFFFFF	#D3D3D3	52
515	#FFFFFF	#D3D3D3	234
516	#FFFFFF	#D3D3D3	234
517	#FFFFFF	#D3D3D3	234
519	#FFFFFF	#D3D3D3	14
530	#FFFFFF	#D3D3D3	14
541	#FFFFFF	#D3D3D3	14
551	#FFFFFF	#D3D3D3	14
552	#FFFFFF	#D3D3D3	14
553	#FFFFFF	#D3D3D3	14
554	#FFFFFF	#D3D3D3	52
555	#FFFFFF	#D3D3D3	52
559	#FFFFFF	#D3D3D3	52
560	#FFFFFF	#D3D3D3	52
561	#FFFFFF	#D3D3D3	52
562	#FFFFFF	#D3D3D3	52
563	#FFFFFF	#D3D3D3	158
564	#FFFFFF	#D3D3D3	158
565	#FFFFFF	#D3D3D3	52
566	#FFFFFF	#D3D3D3	234
567	#FFFFFF	#D3D3D3	234
580	#FFFFFF	#D3D3D3	14
591	#FFFFFF	#D3D3D3	14
602	#FFFFFF	#D3D3D3	14
603	#FFFFFF	#D3D3D3	14
604	#FFFFFF	#D3D3D3	14
605	#FFFFFF	#D3D3D3	14
606	#FFFFFF	#D3D3D3	52
608	#FFFFFF	#D3D3D3	134
610	#FFFFFF	#D3D3D3	52
611	#FFFFFF	#D3D3D3	52
612	#FFFFFF	#D3D3D3	52
613	#FFFFFF	#D3D3D3	52
614	#FFFFFF	#D3D3D3	158
615	#FFFFFF	#D3D3D3	158
616	#FFFFFF	#D3D3D3	52
617	#FFFFFF	#D3D3D3	52
631	#FFFFFF	#D3D3D3	14
642	#FFFFFF	#D3D3D3	14
652	#FFFFFF	#D3D3D3	14
653	#FFFFFF	#D3D3D3	14
654	#FFFFFF	#D3D3D3	14
655	#FFFFFF	#D3D3D3	14
656	#FFFFFF	#D3D3D3	52
660	#FFFFFF	#D3D3D3	52
661	#FFFFFF	#D3D3D3	52
662	#FFFFFF	#D3D3D3	52
663	#FFFFFF	#D3D3D3	52
664	#FFFFFF	#D3D3D3	52
665	#FFFFFF	#D3D3D3	158
666	#FFFFFF	#D3D3D3	158
667	#FFFFFF	#D3D3D3	52
692	#FFFFFF	#D3D3D3	14
703	#FFFFFF	#D3D3D3	14
704	#FFFFFF	#D3D3D3	14
705	#FFFFFF	#D3D3D3	14
706	#FFFFFF	#D3D3D3	14
707	#FFFFFF	#D3D3D3	52
708	#FFFFFF	#D3D3D3	95
711	#FFFFFF	#D3D3D3	52
712	#FFFFFF	#D3D3D3	52
713	#FFFFFF	#D3D3D3	52
714	#FFFFFF	#D3D3D3	52
715	#FFFFFF	#D3D3D3	52
716	#FFFFFF	#D3D3D3	158
717	#FFFFFF	#D3D3D3	52
743	#FFFFFF	#D3D3D3	14
753	#FFFFFF	#D3D3D3	14
754	#FFFFFF	#D3D3D3	14
755	#FFFFFF	#D3D3D3	14
756	#FFFFFF	#D3D3D3	52
757	#FFFFFF	#D3D3D3	52
759	#FFFFFF	#D3D3D3	14
761	#FFFFFF	#D3D3D3	52
762	#FFFFFF	#D3D3D3	14
763	#FFFFFF	#D3D3D3	52
764	#FFFFFF	#D3D3D3	52
765	#FFFFFF	#D3D3D3	52
766	#FFFFFF	#D3D3D3	52
767	#FFFFFF	#D3D3D3	52
804	#FFFFFF	#D3D3D3	14
805	#FFFFFF	#D3D3D3	14
806	#FFFFFF	#D3D3D3	14
807	#FFFFFF	#D3D3D3	52
808	#FFFFFF	#D3D3D3	52
809	#FFFFFF	#D3D3D3	63
810	#FFFFFF	#D3D3D3	14
812	#FFFFFF	#D3D3D3	14
813	#FFFFFF	#D3D3D3	14
814	#FFFFFF	#D3D3D3	52
815	#FFFFFF	#D3D3D3	52
816	#FFFFFF	#D3D3D3	52
817	#FFFFFF	#D3D3D3	52
854	#FFFFFF	#D3D3D3	14
855	#FFFFFF	#D3D3D3	14
856	#FFFFFF	#D3D3D3	14
857	#FFFFFF	#D3D3D3	52
858	#FFFFFF	#D3D3D3	52
860	#FFFFFF	#D3D3D3	231
861	#FFFFFF	#D3D3D3	14
862	#FFFFFF	#D3D3D3	14
863	#FFFFFF	#D3D3D3	14
864	#FFFFFF	#D3D3D3	14
865	#FFFFFF	#D3D3D3	52
866	#FFFFFF	#D3D3D3	52
867	#FFFFFF	#D3D3D3	52
906	#FFFFFF	#D3D3D3	14
907	#FFFFFF	#D3D3D3	14
908	#FFFFFF	#D3D3D3	14
909	#FFFFFF	#D3D3D3	52
910	#FFFFFF	#D3D3D3	231
911	#FFFFFF	#D3D3D3	231
912	#FFFFFF	#D3D3D3	14
913	#FFFFFF	#D3D3D3	14
914	#FFFFFF	#D3D3D3	14
915	#FFFFFF	#D3D3D3	14
916	#FFFFFF	#D3D3D3	52
917	#FFFFFF	#D3D3D3	52
956	#FFFFFF	#D3D3D3	14
957	#FFFFFF	#D3D3D3	14
958	#FFFFFF	#D3D3D3	14
959	#FFFFFF	#D3D3D3	14
961	#FFFFFF	#D3D3D3	231
962	#FFFFFF	#D3D3D3	231
963	#FFFFFF	#D3D3D3	14
964	#FFFFFF	#D3D3D3	14
965	#FFFFFF	#D3D3D3	14
966	#FFFFFF	#D3D3D3	14
967	#FFFFFF	#D3D3D3	52
973	#FFFFFF	#D3D3D3	14
1007	#FFFFFF	#D3D3D3	134
1008	#FFFFFF	#D3D3D3	14
1009	#FFFFFF	#D3D3D3	14
1010	#FFFFFF	#D3D3D3	14
1011	#FFFFFF	#D3D3D3	231
1012	#FFFFFF	#D3D3D3	231
1013	#FFFFFF	#D3D3D3	14
1014	#FFFFFF	#D3D3D3	14
1015	#FFFFFF	#D3D3D3	14
1016	#FFFFFF	#D3D3D3	14
1017	#FFFFFF	#D3D3D3	14
1024	#FFFFFF	#D3D3D3	14
1058	#FFFFFF	#D3D3D3	14
1059	#FFFFFF	#D3D3D3	14
1060	#FFFFFF	#D3D3D3	14
1062	#FFFFFF	#D3D3D3	231
1063	#FFFFFF	#D3D3D3	14
1064	#FFFFFF	#D3D3D3	14
1065	#FFFFFF	#D3D3D3	14
1066	#FFFFFF	#D3D3D3	14
1067	#FFFFFF	#D3D3D3	14
1074	#FFFFFF	#D3D3D3	14
1085	#FFFFFF	#D3D3D3	14
1110	#FFFFFF	#D3D3D3	14
1111	#FFFFFF	#D3D3D3	14
1112	#FFFFFF	#D3D3D3	63
1113	#FFFFFF	#D3D3D3	14
1114	#FFFFFF	#D3D3D3	14
1115	#FFFFFF	#D3D3D3	14
1116	#FFFFFF	#D3D3D3	14
1117	#FFFFFF	#D3D3D3	14
1125	#FFFFFF	#D3D3D3	14
1136	#FFFFFF	#D3D3D3	14
1161	#FFFFFF	#D3D3D3	14
1163	#FFFFFF	#D3D3D3	95
1164	#FFFFFF	#D3D3D3	95
1165	#FFFFFF	#D3D3D3	95
1166	#FFFFFF	#D3D3D3	95
1167	#FFFFFF	#D3D3D3	158
1168	#FFFFFF	#D3D3D3	158
1169	#FFFFFF	#D3D3D3	158
1170	#FFFFFF	#D3D3D3	158
1171	#FFFFFF	#D3D3D3	158
1172	#FFFFFF	#D3D3D3	158
1173	#FFFFFF	#D3D3D3	158
1174	#FFFFFF	#D3D3D3	158
1175	#FFFFFF	#D3D3D3	95
1176	#FFFFFF	#D3D3D3	69
1177	#FFFFFF	#D3D3D3	159
1178	#FFFFFF	#D3D3D3	159
1179	#FFFFFF	#D3D3D3	31
1180	#FFFFFF	#D3D3D3	31
1181	#FFFFFF	#D3D3D3	31
1182	#FFFFFF	#D3D3D3	128
1183	#FFFFFF	#D3D3D3	128
1184	#FFFFFF	#D3D3D3	128
1185	#FFFFFF	#D3D3D3	128
1186	#FFFFFF	#D3D3D3	95
1187	#FFFFFF	#D3D3D3	128
1197	#FFFFFF	#D3D3D3	95
1208	#FFFFFF	#D3D3D3	95
1209	#FFFFFF	#D3D3D3	95
1210	#FFFFFF	#D3D3D3	95
1211	#FFFFFF	#D3D3D3	95
1212	#FFFFFF	#D3D3D3	95
1213	#FFFFFF	#D3D3D3	95
1214	#FFFFFF	#D3D3D3	95
1215	#FFFFFF	#D3D3D3	95
1216	#FFFFFF	#D3D3D3	95
1217	#FFFFFF	#D3D3D3	95
1218	#FFFFFF	#D3D3D3	158
1219	#FFFFFF	#D3D3D3	158
1220	#FFFFFF	#D3D3D3	52
1221	#FFFFFF	#D3D3D3	158
1222	#FFFFFF	#D3D3D3	158
1223	#FFFFFF	#D3D3D3	158
1224	#FFFFFF	#D3D3D3	158
1225	#FFFFFF	#D3D3D3	69
1226	#FFFFFF	#D3D3D3	95
1227	#FFFFFF	#D3D3D3	69
1228	#FFFFFF	#D3D3D3	159
1229	#FFFFFF	#D3D3D3	159
1230	#FFFFFF	#D3D3D3	31
1231	#FFFFFF	#D3D3D3	31
1232	#FFFFFF	#D3D3D3	31
1233	#FFFFFF	#D3D3D3	128
1234	#FFFFFF	#D3D3D3	128
1235	#FFFFFF	#D3D3D3	128
1236	#FFFFFF	#D3D3D3	128
1237	#FFFFFF	#D3D3D3	95
1248	#FFFFFF	#D3D3D3	95
1258	#FFFFFF	#D3D3D3	95
1259	#FFFFFF	#D3D3D3	95
1260	#FFFFFF	#D3D3D3	95
1261	#FFFFFF	#D3D3D3	95
1262	#FFFFFF	#D3D3D3	95
1264	#FFFFFF	#D3D3D3	35
1265	#FFFFFF	#D3D3D3	14
1266	#FFFFFF	#D3D3D3	14
1267	#FFFFFF	#D3D3D3	14
1268	#FFFFFF	#D3D3D3	14
1276	#FFFFFF	#D3D3D3	35
1287	#FFFFFF	#D3D3D3	35
1298	#FFFFFF	#D3D3D3	14
1313	#FFFFFF	#D3D3D3	14
1314	#FFFFFF	#D3D3D3	35
1315	#FFFFFF	#D3D3D3	35
1316	#FFFFFF	#D3D3D3	35
1317	#FFFFFF	#D3D3D3	14
1318	#FFFFFF	#D3D3D3	14
1327	#FFFFFF	#D3D3D3	35
1338	#FFFFFF	#D3D3D3	35
1349	#FFFFFF	#D3D3D3	14
1363	#FFFFFF	#D3D3D3	14
1365	#FFFFFF	#D3D3D3	35
1366	#FFFFFF	#D3D3D3	35
1368	#FFFFFF	#D3D3D3	14
1377	#FFFFFF	#D3D3D3	35
1388	#FFFFFF	#D3D3D3	35
1399	#FFFFFF	#D3D3D3	35
1410	#FFFFFF	#D3D3D3	14
1415	#FFFFFF	#D3D3D3	35
1416	#FFFFFF	#D3D3D3	35
1417	#FFFFFF	#D3D3D3	35
1418	#FFFFFF	#D3D3D3	14
1428	#FFFFFF	#D3D3D3	35
1439	#FFFFFF	#D3D3D3	35
1450	#FFFFFF	#D3D3D3	35
1460	#FFFFFF	#D3D3D3	14
1466	#FFFFFF	#D3D3D3	35
1467	#FFFFFF	#D3D3D3	35
1478	#FFFFFF	#D3D3D3	35
1489	#FFFFFF	#D3D3D3	35
1500	#FFFFFF	#D3D3D3	35
1511	#FFFFFF	#D3D3D3	14
1512	#FFFFFF	#D3D3D3	14
1516	#FFFFFF	#D3D3D3	35
1517	#FFFFFF	#D3D3D3	35
1518	#FFFFFF	#D3D3D3	35
1529	#FFFFFF	#D3D3D3	35
1540	#FFFFFF	#D3D3D3	35
1551	#FFFFFF	#D3D3D3	14
1561	#FFFFFF	#D3D3D3	14
1562	#FFFFFF	#D3D3D3	14
1567	#FFFFFF	#D3D3D3	35
1568	#FFFFFF	#D3D3D3	35
1579	#FFFFFF	#D3D3D3	35
1590	#FFFFFF	#D3D3D3	35
1601	#FFFFFF	#D3D3D3	14
1612	#FFFFFF	#D3D3D3	14
1613	#FFFFFF	#D3D3D3	14
1614	#FFFFFF	#D3D3D3	14
1617	#FFFFFF	#D3D3D3	35
1618	#FFFFFF	#D3D3D3	35
1619	#FFFFFF	#D3D3D3	35
1630	#FFFFFF	#D3D3D3	35
1641	#FFFFFF	#D3D3D3	35
1652	#FFFFFF	#D3D3D3	14
1662	#FFFFFF	#D3D3D3	14
1663	#FFFFFF	#D3D3D3	14
1664	#FFFFFF	#D3D3D3	14
1668	#FFFFFF	#D3D3D3	35
1669	#FFFFFF	#D3D3D3	35
1680	#FFFFFF	#D3D3D3	35
1691	#FFFFFF	#D3D3D3	35
1702	#FFFFFF	#D3D3D3	35
1713	#FFFFFF	#D3D3D3	14
1714	#FFFFFF	#D3D3D3	14
1715	#FFFFFF	#D3D3D3	14
1716	#FFFFFF	#D3D3D3	14
1718	#FFFFFF	#D3D3D3	35
1719	#FFFFFF	#D3D3D3	35
1720	#FFFFFF	#D3D3D3	35
1731	#FFFFFF	#D3D3D3	35
1742	#FFFFFF	#D3D3D3	35
1753	#FFFFFF	#D3D3D3	35
1763	#FFFFFF	#D3D3D3	14
1764	#FFFFFF	#D3D3D3	14
1765	#FFFFFF	#D3D3D3	14
1769	#FFFFFF	#D3D3D3	35
1770	#FFFFFF	#D3D3D3	35
1781	#FFFFFF	#D3D3D3	35
1792	#FFFFFF	#D3D3D3	35
1803	#FFFFFF	#D3D3D3	35
1814	#FFFFFF	#D3D3D3	35
1815	#FFFFFF	#D3D3D3	14
1816	#FFFFFF	#D3D3D3	14
1819	#FFFFFF	#D3D3D3	35
1820	#FFFFFF	#D3D3D3	35
1821	#FFFFFF	#D3D3D3	115
1832	#FFFFFF	#D3D3D3	35
1843	#FFFFFF	#D3D3D3	35
1854	#FFFFFF	#D3D3D3	35
1864	#FFFFFF	#D3D3D3	35
1865	#FFFFFF	#D3D3D3	14
1870	#FFFFFF	#D3D3D3	35
1871	#FFFFFF	#D3D3D3	115
1882	#FFFFFF	#D3D3D3	115
1893	#FFFFFF	#D3D3D3	35
1904	#FFFFFF	#D3D3D3	35
1915	#FFFFFF	#D3D3D3	35
1916	#FFFFFF	#D3D3D3	35
1920	#FFFFFF	#D3D3D3	35
1921	#FFFFFF	#D3D3D3	115
1922	#FFFFFF	#D3D3D3	115
1933	#FFFFFF	#D3D3D3	115
1944	#FFFFFF	#D3D3D3	35
1955	#FFFFFF	#D3D3D3	35
1965	#FFFFFF	#D3D3D3	35
1971	#FFFFFF	#D3D3D3	115
1972	#FFFFFF	#D3D3D3	115
1983	#FFFFFF	#D3D3D3	115
1994	#FFFFFF	#D3D3D3	115
2005	#FFFFFF	#D3D3D3	35
2016	#FFFFFF	#D3D3D3	35
2021	#FFFFFF	#D3D3D3	115
2022	#FFFFFF	#D3D3D3	115
2023	#FFFFFF	#D3D3D3	115
2034	#FFFFFF	#D3D3D3	115
2045	#FFFFFF	#D3D3D3	115
2056	#FFFFFF	#D3D3D3	35
2072	#FFFFFF	#D3D3D3	115
2073	#FFFFFF	#D3D3D3	115
2084	#FFFFFF	#D3D3D3	115
2095	#FFFFFF	#D3D3D3	115
2106	#FFFFFF	#D3D3D3	115
2122	#FFFFFF	#D3D3D3	115
2123	#FFFFFF	#D3D3D3	115
2124	#FFFFFF	#D3D3D3	115
2135	#FFFFFF	#D3D3D3	115
2146	#FFFFFF	#D3D3D3	115
2173	#FFFFFF	#D3D3D3	115
2174	#FFFFFF	#D3D3D3	115
2185	#FFFFFF	#D3D3D3	115
2196	#FFFFFF	#D3D3D3	115
2223	#FFFFFF	#D3D3D3	35
2224	#FFFFFF	#D3D3D3	115
2225	#FFFFFF	#D3D3D3	115
2236	#FFFFFF	#D3D3D3	115
2274	#FFFFFF	#D3D3D3	95
2275	#FFFFFF	#D3D3D3	95
2276	#FFFFFF	#D3D3D3	95
2277	#FFFFFF	#D3D3D3	95
2278	#FFFFFF	#D3D3D3	158
2279	#FFFFFF	#D3D3D3	158
2280	#FFFFFF	#D3D3D3	52
2281	#FFFFFF	#D3D3D3	158
2282	#FFFFFF	#D3D3D3	158
2283	#FFFFFF	#D3D3D3	158
2284	#FFFFFF	#D3D3D3	158
2285	#FFFFFF	#D3D3D3	158
2286	#FFFFFF	#D3D3D3	95
2287	#FFFFFF	#D3D3D3	69
2288	#FFFFFF	#D3D3D3	69
2289	#FFFFFF	#D3D3D3	159
2290	#FFFFFF	#D3D3D3	159
2291	#FFFFFF	#D3D3D3	31
2292	#FFFFFF	#D3D3D3	31
2293	#FFFFFF	#D3D3D3	31
2294	#FFFFFF	#D3D3D3	128
2295	#FFFFFF	#D3D3D3	128
2296	#FFFFFF	#D3D3D3	128
2297	#FFFFFF	#D3D3D3	95
2308	#FFFFFF	#D3D3D3	95
2319	#FFFFFF	#D3D3D3	95
2320	#FFFFFF	#D3D3D3	95
2321	#FFFFFF	#D3D3D3	95
2322	#FFFFFF	#D3D3D3	158
2323	#FFFFFF	#D3D3D3	95
2324	#FFFFFF	#D3D3D3	95
2325	#FFFFFF	#D3D3D3	95
2326	#FFFFFF	#D3D3D3	95
2327	#FFFFFF	#D3D3D3	95
2328	#FFFFFF	#D3D3D3	158
2329	#FFFFFF	#D3D3D3	158
2330	#FFFFFF	#D3D3D3	52
2331	#FFFFFF	#D3D3D3	52
2332	#FFFFFF	#D3D3D3	52
2333	#FFFFFF	#D3D3D3	158
2334	#FFFFFF	#D3D3D3	52
2335	#FFFFFF	#D3D3D3	158
2336	#FFFFFF	#D3D3D3	158
2337	#FFFFFF	#D3D3D3	95
2338	#FFFFFF	#D3D3D3	69
2339	#FFFFFF	#D3D3D3	69
2340	#FFFFFF	#D3D3D3	159
2341	#FFFFFF	#D3D3D3	159
2342	#FFFFFF	#D3D3D3	31
2343	#FFFFFF	#D3D3D3	31
2344	#FFFFFF	#D3D3D3	31
2345	#FFFFFF	#D3D3D3	128
2346	#FFFFFF	#D3D3D3	128
2348	#FFFFFF	#D3D3D3	95
2359	#FFFFFF	#D3D3D3	95
2369	#FFFFFF	#D3D3D3	95
2370	#FFFFFF	#D3D3D3	95
2371	#FFFFFF	#D3D3D3	158
2372	#FFFFFF	#D3D3D3	158
2373	#FFFFFF	#D3D3D3	95
2375	#FFFFFF	#D3D3D3	35
2376	#FFFFFF	#D3D3D3	115
2387	#FFFFFF	#D3D3D3	115
2425	#FFFFFF	#D3D3D3	35
2426	#FFFFFF	#D3D3D3	35
2427	#FFFFFF	#D3D3D3	115
2476	#FFFFFF	#D3D3D3	35
2477	#FFFFFF	#D3D3D3	35
2526	#FFFFFF	#D3D3D3	35
2527	#FFFFFF	#D3D3D3	35
2577	#FFFFFF	#D3D3D3	35
2627	#FFFFFF	#D3D3D3	35
3385	#FFFFFF	#D3D3D3	95
3386	#FFFFFF	#D3D3D3	95
3387	#FFFFFF	#D3D3D3	95
3388	#FFFFFF	#D3D3D3	158
3389	#FFFFFF	#D3D3D3	158
3390	#FFFFFF	#D3D3D3	158
3391	#FFFFFF	#D3D3D3	52
3392	#FFFFFF	#D3D3D3	52
3393	#FFFFFF	#D3D3D3	52
3394	#FFFFFF	#D3D3D3	52
3395	#FFFFFF	#D3D3D3	52
3396	#FFFFFF	#D3D3D3	158
3397	#FFFFFF	#D3D3D3	95
3398	#FFFFFF	#D3D3D3	69
3399	#FFFFFF	#D3D3D3	69
3400	#FFFFFF	#D3D3D3	69
3401	#FFFFFF	#D3D3D3	159
3402	#FFFFFF	#D3D3D3	159
3403	#FFFFFF	#D3D3D3	31
3404	#FFFFFF	#D3D3D3	31
3405	#FFFFFF	#D3D3D3	31
3406	#FFFFFF	#D3D3D3	128
3408	#FFFFFF	#D3D3D3	95
3419	#FFFFFF	#D3D3D3	95
3430	#FFFFFF	#D3D3D3	95
3431	#FFFFFF	#D3D3D3	95
3432	#FFFFFF	#D3D3D3	95
3433	#FFFFFF	#D3D3D3	158
3434	#FFFFFF	#D3D3D3	158
3435	#FFFFFF	#D3D3D3	95
3436	#FFFFFF	#D3D3D3	95
3437	#FFFFFF	#D3D3D3	95
3438	#FFFFFF	#D3D3D3	158
3439	#FFFFFF	#D3D3D3	158
3440	#FFFFFF	#D3D3D3	158
3441	#FFFFFF	#D3D3D3	158
3442	#FFFFFF	#D3D3D3	52
3443	#FFFFFF	#D3D3D3	52
3444	#FFFFFF	#D3D3D3	52
3445	#FFFFFF	#D3D3D3	52
3446	#FFFFFF	#D3D3D3	52
3447	#FFFFFF	#D3D3D3	158
3448	#FFFFFF	#D3D3D3	95
3449	#FFFFFF	#D3D3D3	158
3450	#FFFFFF	#D3D3D3	69
3451	#FFFFFF	#D3D3D3	69
3452	#FFFFFF	#D3D3D3	159
3453	#FFFFFF	#D3D3D3	159
3454	#FFFFFF	#D3D3D3	31
3455	#FFFFFF	#D3D3D3	31
3456	#FFFFFF	#D3D3D3	128
3459	#FFFFFF	#D3D3D3	95
3470	#FFFFFF	#D3D3D3	95
3480	#FFFFFF	#D3D3D3	95
3481	#FFFFFF	#D3D3D3	95
3482	#FFFFFF	#D3D3D3	158
3483	#FFFFFF	#D3D3D3	158
3484	#FFFFFF	#D3D3D3	158
4042	#FFFFFF	#D3D3D3	95
4043	#FFFFFF	#D3D3D3	95
4044	#FFFFFF	#D3D3D3	158
4045	#FFFFFF	#D3D3D3	52
4046	#FFFFFF	#D3D3D3	158
4047	#FFFFFF	#D3D3D3	158
4048	#FFFFFF	#D3D3D3	52
4049	#FFFFFF	#D3D3D3	52
4050	#FFFFFF	#D3D3D3	52
4051	#FFFFFF	#D3D3D3	52
4052	#FFFFFF	#D3D3D3	52
4053	#FFFFFF	#D3D3D3	52
4054	#FFFFFF	#D3D3D3	95
4055	#FFFFFF	#D3D3D3	158
4056	#FFFFFF	#D3D3D3	158
4057	#FFFFFF	#D3D3D3	69
4058	#FFFFFF	#D3D3D3	69
4059	#FFFFFF	#D3D3D3	159
4060	#FFFFFF	#D3D3D3	159
4061	#FFFFFF	#D3D3D3	31
4062	#FFFFFF	#D3D3D3	31
4065	#FFFFFF	#D3D3D3	95
4076	#FFFFFF	#D3D3D3	95
4087	#FFFFFF	#D3D3D3	95
4088	#FFFFFF	#D3D3D3	95
4089	#FFFFFF	#D3D3D3	95
4090	#FFFFFF	#D3D3D3	158
4091	#FFFFFF	#D3D3D3	158
4092	#FFFFFF	#D3D3D3	95
4093	#FFFFFF	#D3D3D3	95
4094	#FFFFFF	#D3D3D3	95
4095	#FFFFFF	#D3D3D3	158
4096	#FFFFFF	#D3D3D3	52
4097	#FFFFFF	#D3D3D3	158
4098	#FFFFFF	#D3D3D3	52
4099	#FFFFFF	#D3D3D3	52
4100	#FFFFFF	#D3D3D3	52
4101	#FFFFFF	#D3D3D3	52
4102	#FFFFFF	#D3D3D3	52
4103	#FFFFFF	#D3D3D3	52
4104	#FFFFFF	#D3D3D3	52
4105	#FFFFFF	#D3D3D3	95
4106	#FFFFFF	#D3D3D3	158
4107	#FFFFFF	#D3D3D3	158
4108	#FFFFFF	#D3D3D3	69
4109	#FFFFFF	#D3D3D3	69
4110	#FFFFFF	#D3D3D3	159
4111	#FFFFFF	#D3D3D3	159
4112	#FFFFFF	#D3D3D3	31
4116	#FFFFFF	#D3D3D3	95
4127	#FFFFFF	#D3D3D3	95
4137	#FFFFFF	#D3D3D3	95
4138	#FFFFFF	#D3D3D3	95
4139	#FFFFFF	#D3D3D3	95
4140	#FFFFFF	#D3D3D3	158
4141	#FFFFFF	#D3D3D3	158
4143	#FFFFFF	#D3D3D3	95
4144	#FFFFFF	#D3D3D3	95
4145	#FFFFFF	#D3D3D3	158
4146	#FFFFFF	#D3D3D3	52
4147	#FFFFFF	#D3D3D3	52
4148	#FFFFFF	#D3D3D3	52
4149	#FFFFFF	#D3D3D3	52
4150	#FFFFFF	#D3D3D3	52
4151	#FFFFFF	#D3D3D3	52
4152	#FFFFFF	#D3D3D3	52
4153	#FFFFFF	#D3D3D3	52
4154	#FFFFFF	#D3D3D3	52
4155	#FFFFFF	#D3D3D3	95
4156	#FFFFFF	#D3D3D3	52
4157	#FFFFFF	#D3D3D3	158
4158	#FFFFFF	#D3D3D3	158
4159	#FFFFFF	#D3D3D3	69
4160	#FFFFFF	#D3D3D3	69
4161	#FFFFFF	#D3D3D3	159
4162	#FFFFFF	#D3D3D3	159
4166	#FFFFFF	#D3D3D3	95
4177	#FFFFFF	#D3D3D3	95
4188	#FFFFFF	#D3D3D3	95
4189	#FFFFFF	#D3D3D3	95
4190	#FFFFFF	#D3D3D3	95
4191	#FFFFFF	#D3D3D3	95
4192	#FFFFFF	#D3D3D3	158
4193	#FFFFFF	#D3D3D3	95
4194	#FFFFFF	#D3D3D3	95
4195	#FFFFFF	#D3D3D3	95
4196	#FFFFFF	#D3D3D3	52
4197	#FFFFFF	#D3D3D3	52
4198	#FFFFFF	#D3D3D3	52
4199	#FFFFFF	#D3D3D3	52
4200	#FFFFFF	#D3D3D3	52
4201	#FFFFFF	#D3D3D3	52
4202	#FFFFFF	#D3D3D3	52
4203	#FFFFFF	#D3D3D3	52
4204	#FFFFFF	#D3D3D3	52
4205	#FFFFFF	#D3D3D3	52
4206	#FFFFFF	#D3D3D3	95
4207	#FFFFFF	#D3D3D3	52
4208	#FFFFFF	#D3D3D3	158
4209	#FFFFFF	#D3D3D3	158
4210	#FFFFFF	#D3D3D3	69
4211	#FFFFFF	#D3D3D3	69
4212	#FFFFFF	#D3D3D3	159
4217	#FFFFFF	#D3D3D3	95
4228	#FFFFFF	#D3D3D3	95
4238	#FFFFFF	#D3D3D3	95
4239	#FFFFFF	#D3D3D3	95
4240	#FFFFFF	#D3D3D3	95
4241	#FFFFFF	#D3D3D3	95
4242	#FFFFFF	#D3D3D3	158
4244	#FFFFFF	#D3D3D3	95
4245	#FFFFFF	#D3D3D3	95
4246	#FFFFFF	#D3D3D3	52
4247	#FFFFFF	#D3D3D3	52
4248	#FFFFFF	#D3D3D3	52
4249	#FFFFFF	#D3D3D3	52
4250	#FFFFFF	#D3D3D3	52
4251	#FFFFFF	#D3D3D3	52
4252	#FFFFFF	#D3D3D3	52
4253	#FFFFFF	#D3D3D3	52
4254	#FFFFFF	#D3D3D3	52
4255	#FFFFFF	#D3D3D3	52
4256	#FFFFFF	#D3D3D3	95
4257	#FFFFFF	#D3D3D3	52
4258	#FFFFFF	#D3D3D3	52
4259	#FFFFFF	#D3D3D3	158
4260	#FFFFFF	#D3D3D3	158
4261	#FFFFFF	#D3D3D3	69
4262	#FFFFFF	#D3D3D3	69
4267	#FFFFFF	#D3D3D3	95
4278	#FFFFFF	#D3D3D3	95
4289	#FFFFFF	#D3D3D3	95
4290	#FFFFFF	#D3D3D3	95
4291	#FFFFFF	#D3D3D3	95
4292	#FFFFFF	#D3D3D3	95
4293	#FFFFFF	#D3D3D3	158
4294	#FFFFFF	#D3D3D3	95
4295	#FFFFFF	#D3D3D3	95
4296	#FFFFFF	#D3D3D3	95
4297	#FFFFFF	#D3D3D3	52
4298	#FFFFFF	#D3D3D3	52
4299	#FFFFFF	#D3D3D3	52
4300	#FFFFFF	#D3D3D3	52
4301	#FFFFFF	#D3D3D3	52
4302	#FFFFFF	#D3D3D3	52
4303	#FFFFFF	#D3D3D3	52
4304	#FFFFFF	#D3D3D3	52
4305	#FFFFFF	#D3D3D3	52
4306	#FFFFFF	#D3D3D3	234
4307	#FFFFFF	#D3D3D3	95
4308	#FFFFFF	#D3D3D3	52
4309	#FFFFFF	#D3D3D3	52
4310	#FFFFFF	#D3D3D3	158
4311	#FFFFFF	#D3D3D3	158
4312	#FFFFFF	#D3D3D3	69
4318	#FFFFFF	#D3D3D3	158
4329	#FFFFFF	#D3D3D3	95
4339	#FFFFFF	#D3D3D3	95
4340	#FFFFFF	#D3D3D3	95
4341	#FFFFFF	#D3D3D3	95
4342	#FFFFFF	#D3D3D3	158
4343	#FFFFFF	#D3D3D3	158
4345	#FFFFFF	#D3D3D3	95
4346	#FFFFFF	#D3D3D3	95
4347	#FFFFFF	#D3D3D3	158
4348	#FFFFFF	#D3D3D3	52
4349	#FFFFFF	#D3D3D3	52
4350	#FFFFFF	#D3D3D3	52
4351	#FFFFFF	#D3D3D3	52
4352	#FFFFFF	#D3D3D3	52
4353	#FFFFFF	#D3D3D3	52
4354	#FFFFFF	#D3D3D3	52
4355	#FFFFFF	#D3D3D3	52
4356	#FFFFFF	#D3D3D3	234
4357	#FFFFFF	#D3D3D3	95
4358	#FFFFFF	#D3D3D3	234
4359	#FFFFFF	#D3D3D3	52
4360	#FFFFFF	#D3D3D3	52
4361	#FFFFFF	#D3D3D3	158
4362	#FFFFFF	#D3D3D3	158
4368	#FFFFFF	#D3D3D3	158
4379	#FFFFFF	#D3D3D3	158
4390	#FFFFFF	#D3D3D3	95
4391	#FFFFFF	#D3D3D3	95
4392	#FFFFFF	#D3D3D3	95
4393	#FFFFFF	#D3D3D3	158
4394	#FFFFFF	#D3D3D3	158
4395	#FFFFFF	#D3D3D3	95
4396	#FFFFFF	#D3D3D3	95
4397	#FFFFFF	#D3D3D3	95
4398	#FFFFFF	#D3D3D3	158
4399	#FFFFFF	#D3D3D3	52
4400	#FFFFFF	#D3D3D3	52
4401	#FFFFFF	#D3D3D3	52
4402	#FFFFFF	#D3D3D3	52
4403	#FFFFFF	#D3D3D3	52
4404	#FFFFFF	#D3D3D3	52
4405	#FFFFFF	#D3D3D3	52
4406	#FFFFFF	#D3D3D3	234
4407	#FFFFFF	#D3D3D3	234
4408	#FFFFFF	#D3D3D3	158
4409	#FFFFFF	#D3D3D3	234
4410	#FFFFFF	#D3D3D3	52
4411	#FFFFFF	#D3D3D3	52
4412	#FFFFFF	#D3D3D3	158
4419	#FFFFFF	#D3D3D3	158
4430	#FFFFFF	#D3D3D3	158
4440	#FFFFFF	#D3D3D3	95
4441	#FFFFFF	#D3D3D3	95
4442	#FFFFFF	#D3D3D3	158
4443	#FFFFFF	#D3D3D3	158
4444	#FFFFFF	#D3D3D3	158
4446	#FFFFFF	#D3D3D3	95
4447	#FFFFFF	#D3D3D3	95
4448	#FFFFFF	#D3D3D3	158
4449	#FFFFFF	#D3D3D3	158
4450	#FFFFFF	#D3D3D3	52
4451	#FFFFFF	#D3D3D3	52
4452	#FFFFFF	#D3D3D3	52
4453	#FFFFFF	#D3D3D3	52
4454	#FFFFFF	#D3D3D3	52
4455	#FFFFFF	#D3D3D3	52
4456	#FFFFFF	#D3D3D3	234
4457	#FFFFFF	#D3D3D3	234
4458	#FFFFFF	#D3D3D3	95
4459	#FFFFFF	#D3D3D3	234
4460	#FFFFFF	#D3D3D3	234
4461	#FFFFFF	#D3D3D3	52
4462	#FFFFFF	#D3D3D3	52
4469	#FFFFFF	#D3D3D3	158
4480	#FFFFFF	#D3D3D3	158
4491	#FFFFFF	#D3D3D3	158
4492	#FFFFFF	#D3D3D3	95
4493	#FFFFFF	#D3D3D3	158
4494	#FFFFFF	#D3D3D3	158
4495	#FFFFFF	#D3D3D3	158
4496	#FFFFFF	#D3D3D3	95
4497	#FFFFFF	#D3D3D3	201
4498	#FFFFFF	#D3D3D3	95
4499	#FFFFFF	#D3D3D3	158
4500	#FFFFFF	#D3D3D3	52
4501	#FFFFFF	#D3D3D3	52
4502	#FFFFFF	#D3D3D3	52
4503	#FFFFFF	#D3D3D3	52
4504	#FFFFFF	#D3D3D3	52
4505	#FFFFFF	#D3D3D3	52
4506	#FFFFFF	#D3D3D3	52
4507	#FFFFFF	#D3D3D3	234
4508	#FFFFFF	#D3D3D3	234
4509	#FFFFFF	#D3D3D3	158
4510	#FFFFFF	#D3D3D3	234
4511	#FFFFFF	#D3D3D3	234
4512	#FFFFFF	#D3D3D3	52
4520	#FFFFFF	#D3D3D3	158
4531	#FFFFFF	#D3D3D3	158
4541	#FFFFFF	#D3D3D3	158
4542	#FFFFFF	#D3D3D3	158
4543	#FFFFFF	#D3D3D3	158
4544	#FFFFFF	#D3D3D3	158
4545	#FFFFFF	#D3D3D3	158
4547	#FFFFFF	#D3D3D3	95
4548	#FFFFFF	#D3D3D3	95
4549	#FFFFFF	#D3D3D3	95
4550	#FFFFFF	#D3D3D3	95
4551	#FFFFFF	#D3D3D3	158
4552	#FFFFFF	#D3D3D3	95
4553	#FFFFFF	#D3D3D3	55
4554	#FFFFFF	#D3D3D3	69
4555	#FFFFFF	#D3D3D3	69
4556	#FFFFFF	#D3D3D3	69
4557	#FFFFFF	#D3D3D3	69
4558	#FFFFFF	#D3D3D3	159
4559	#FFFFFF	#D3D3D3	95
4560	#FFFFFF	#D3D3D3	159
4561	#FFFFFF	#D3D3D3	159
4562	#FFFFFF	#D3D3D3	159
4563	#FFFFFF	#D3D3D3	31
4564	#FFFFFF	#D3D3D3	31
4565	#FFFFFF	#D3D3D3	31
4566	#FFFFFF	#D3D3D3	31
4567	#FFFFFF	#D3D3D3	128
4568	#FFFFFF	#D3D3D3	128
4569	#FFFFFF	#D3D3D3	128
4570	#FFFFFF	#D3D3D3	95
4571	#FFFFFF	#D3D3D3	128
4572	#FFFFFF	#D3D3D3	128
4573	#FFFFFF	#D3D3D3	128
4581	#FFFFFF	#D3D3D3	95
4592	#FFFFFF	#D3D3D3	95
4593	#FFFFFF	#D3D3D3	95
4594	#FFFFFF	#D3D3D3	95
4595	#FFFFFF	#D3D3D3	95
4596	#FFFFFF	#D3D3D3	95
4597	#FFFFFF	#D3D3D3	153
4598	#FFFFFF	#D3D3D3	95
4599	#FFFFFF	#D3D3D3	95
4600	#FFFFFF	#D3D3D3	95
4601	#FFFFFF	#D3D3D3	158
4602	#FFFFFF	#D3D3D3	95
4603	#FFFFFF	#D3D3D3	55
4604	#FFFFFF	#D3D3D3	55
4605	#FFFFFF	#D3D3D3	69
4606	#FFFFFF	#D3D3D3	69
4607	#FFFFFF	#D3D3D3	69
4608	#FFFFFF	#D3D3D3	159
4609	#FFFFFF	#D3D3D3	159
4610	#FFFFFF	#D3D3D3	95
4611	#FFFFFF	#D3D3D3	159
4612	#FFFFFF	#D3D3D3	159
4613	#FFFFFF	#D3D3D3	159
4614	#FFFFFF	#D3D3D3	31
4615	#FFFFFF	#D3D3D3	31
4616	#FFFFFF	#D3D3D3	31
4617	#FFFFFF	#D3D3D3	31
4618	#FFFFFF	#D3D3D3	128
4619	#FFFFFF	#D3D3D3	128
4620	#FFFFFF	#D3D3D3	128
4621	#FFFFFF	#D3D3D3	95
4622	#FFFFFF	#D3D3D3	128
4623	#FFFFFF	#D3D3D3	128
4624	#FFFFFF	#D3D3D3	128
4632	#FFFFFF	#D3D3D3	95
4642	#FFFFFF	#D3D3D3	95
4643	#FFFFFF	#D3D3D3	95
4644	#FFFFFF	#D3D3D3	95
4645	#FFFFFF	#D3D3D3	95
4646	#FFFFFF	#D3D3D3	95
4648	#FFFFFF	#D3D3D3	153
4649	#FFFFFF	#D3D3D3	95
4650	#FFFFFF	#D3D3D3	95
4651	#FFFFFF	#D3D3D3	158
4652	#FFFFFF	#D3D3D3	95
4653	#FFFFFF	#D3D3D3	55
4654	#FFFFFF	#D3D3D3	55
4655	#FFFFFF	#D3D3D3	55
4656	#FFFFFF	#D3D3D3	55
4657	#FFFFFF	#D3D3D3	69
4658	#FFFFFF	#D3D3D3	159
4659	#FFFFFF	#D3D3D3	159
4660	#FFFFFF	#D3D3D3	95
4661	#FFFFFF	#D3D3D3	159
4662	#FFFFFF	#D3D3D3	159
4663	#FFFFFF	#D3D3D3	159
4664	#FFFFFF	#D3D3D3	31
4665	#FFFFFF	#D3D3D3	78
4666	#FFFFFF	#D3D3D3	31
4667	#FFFFFF	#D3D3D3	31
4668	#FFFFFF	#D3D3D3	31
4669	#FFFFFF	#D3D3D3	31
4670	#FFFFFF	#D3D3D3	128
4671	#FFFFFF	#D3D3D3	95
4672	#FFFFFF	#D3D3D3	128
4673	#FFFFFF	#D3D3D3	128
4674	#FFFFFF	#D3D3D3	128
4675	#FFFFFF	#D3D3D3	128
4682	#FFFFFF	#D3D3D3	95
4693	#FFFFFF	#D3D3D3	95
4694	#FFFFFF	#D3D3D3	95
4695	#FFFFFF	#D3D3D3	95
4696	#FFFFFF	#D3D3D3	95
4697	#FFFFFF	#D3D3D3	95
4698	#FFFFFF	#D3D3D3	153
4699	#FFFFFF	#D3D3D3	95
4700	#FFFFFF	#D3D3D3	95
4701	#FFFFFF	#D3D3D3	158
4702	#FFFFFF	#D3D3D3	95
4703	#FFFFFF	#D3D3D3	55
4704	#FFFFFF	#D3D3D3	55
4705	#FFFFFF	#D3D3D3	55
4706	#FFFFFF	#D3D3D3	55
4707	#FFFFFF	#D3D3D3	55
4708	#FFFFFF	#D3D3D3	159
4709	#FFFFFF	#D3D3D3	159
4710	#FFFFFF	#D3D3D3	159
4711	#FFFFFF	#D3D3D3	95
4712	#FFFFFF	#D3D3D3	159
4713	#FFFFFF	#D3D3D3	159
4714	#FFFFFF	#D3D3D3	31
4715	#FFFFFF	#D3D3D3	78
4716	#FFFFFF	#D3D3D3	78
4717	#FFFFFF	#D3D3D3	31
4718	#FFFFFF	#D3D3D3	31
4719	#FFFFFF	#D3D3D3	31
4720	#FFFFFF	#D3D3D3	128
4721	#FFFFFF	#D3D3D3	128
4722	#FFFFFF	#D3D3D3	95
4723	#FFFFFF	#D3D3D3	128
4724	#FFFFFF	#D3D3D3	128
4725	#FFFFFF	#D3D3D3	128
4726	#FFFFFF	#D3D3D3	128
4733	#FFFFFF	#D3D3D3	95
4743	#FFFFFF	#D3D3D3	95
4744	#FFFFFF	#D3D3D3	95
4745	#FFFFFF	#D3D3D3	95
4746	#FFFFFF	#D3D3D3	95
4747	#FFFFFF	#D3D3D3	95
4749	#FFFFFF	#D3D3D3	95
4750	#FFFFFF	#D3D3D3	95
4751	#FFFFFF	#D3D3D3	95
4752	#FFFFFF	#D3D3D3	95
4753	#FFFFFF	#D3D3D3	47
4754	#FFFFFF	#D3D3D3	47
4755	#FFFFFF	#D3D3D3	55
4756	#FFFFFF	#D3D3D3	55
4757	#FFFFFF	#D3D3D3	55
4758	#FFFFFF	#D3D3D3	55
4759	#FFFFFF	#D3D3D3	159
4760	#FFFFFF	#D3D3D3	159
4761	#FFFFFF	#D3D3D3	95
4762	#FFFFFF	#D3D3D3	159
4763	#FFFFFF	#D3D3D3	159
4764	#FFFFFF	#D3D3D3	31
4765	#FFFFFF	#D3D3D3	78
4766	#FFFFFF	#D3D3D3	78
4767	#FFFFFF	#D3D3D3	78
4768	#FFFFFF	#D3D3D3	31
4769	#FFFFFF	#D3D3D3	31
4770	#FFFFFF	#D3D3D3	31
4771	#FFFFFF	#D3D3D3	128
4772	#FFFFFF	#D3D3D3	95
4773	#FFFFFF	#D3D3D3	128
4774	#FFFFFF	#D3D3D3	128
4775	#FFFFFF	#D3D3D3	128
4776	#FFFFFF	#D3D3D3	128
4777	#FFFFFF	#D3D3D3	128
4783	#FFFFFF	#D3D3D3	95
4794	#FFFFFF	#D3D3D3	95
4795	#FFFFFF	#D3D3D3	95
4796	#FFFFFF	#D3D3D3	95
4797	#FFFFFF	#D3D3D3	95
4798	#FFFFFF	#D3D3D3	95
4799	#FFFFFF	#D3D3D3	95
4800	#FFFFFF	#D3D3D3	95
4801	#FFFFFF	#D3D3D3	95
4802	#FFFFFF	#D3D3D3	95
4803	#FFFFFF	#D3D3D3	47
4804	#FFFFFF	#D3D3D3	47
4805	#FFFFFF	#D3D3D3	55
4806	#FFFFFF	#D3D3D3	55
4807	#FFFFFF	#D3D3D3	55
4808	#FFFFFF	#D3D3D3	55
4809	#FFFFFF	#D3D3D3	55
4810	#FFFFFF	#D3D3D3	159
4811	#FFFFFF	#D3D3D3	159
4812	#FFFFFF	#D3D3D3	95
4813	#FFFFFF	#D3D3D3	159
4814	#FFFFFF	#D3D3D3	31
4815	#FFFFFF	#D3D3D3	78
4816	#FFFFFF	#D3D3D3	78
4817	#FFFFFF	#D3D3D3	78
4818	#FFFFFF	#D3D3D3	31
4819	#FFFFFF	#D3D3D3	31
4820	#FFFFFF	#D3D3D3	31
4821	#FFFFFF	#D3D3D3	31
4822	#FFFFFF	#D3D3D3	128
4823	#FFFFFF	#D3D3D3	95
4824	#FFFFFF	#D3D3D3	128
4825	#FFFFFF	#D3D3D3	128
4826	#FFFFFF	#D3D3D3	128
4827	#FFFFFF	#D3D3D3	128
4828	#FFFFFF	#D3D3D3	128
4834	#FFFFFF	#D3D3D3	95
4844	#FFFFFF	#D3D3D3	95
4845	#FFFFFF	#D3D3D3	95
4846	#FFFFFF	#D3D3D3	95
4847	#FFFFFF	#D3D3D3	95
4848	#FFFFFF	#D3D3D3	95
4850	#FFFFFF	#D3D3D3	95
4851	#FFFFFF	#D3D3D3	95
4852	#FFFFFF	#D3D3D3	95
4853	#FFFFFF	#D3D3D3	47
4854	#FFFFFF	#D3D3D3	47
4855	#FFFFFF	#D3D3D3	47
4856	#FFFFFF	#D3D3D3	55
4857	#FFFFFF	#D3D3D3	55
4858	#FFFFFF	#D3D3D3	55
4859	#FFFFFF	#D3D3D3	55
4860	#FFFFFF	#D3D3D3	55
4861	#FFFFFF	#D3D3D3	159
4862	#FFFFFF	#D3D3D3	95
4863	#FFFFFF	#D3D3D3	159
4864	#FFFFFF	#D3D3D3	159
4865	#FFFFFF	#D3D3D3	31
4866	#FFFFFF	#D3D3D3	31
4867	#FFFFFF	#D3D3D3	78
4868	#FFFFFF	#D3D3D3	31
4869	#FFFFFF	#D3D3D3	31
4870	#FFFFFF	#D3D3D3	31
4871	#FFFFFF	#D3D3D3	31
4872	#FFFFFF	#D3D3D3	31
4873	#FFFFFF	#D3D3D3	95
4874	#FFFFFF	#D3D3D3	128
4875	#FFFFFF	#D3D3D3	128
4876	#FFFFFF	#D3D3D3	128
4877	#FFFFFF	#D3D3D3	128
4878	#FFFFFF	#D3D3D3	128
4879	#FFFFFF	#D3D3D3	128
4884	#FFFFFF	#D3D3D3	95
4895	#FFFFFF	#D3D3D3	95
4896	#FFFFFF	#D3D3D3	95
4897	#FFFFFF	#D3D3D3	95
4898	#FFFFFF	#D3D3D3	95
4899	#FFFFFF	#D3D3D3	95
4900	#FFFFFF	#D3D3D3	95
4901	#FFFFFF	#D3D3D3	95
4902	#FFFFFF	#D3D3D3	95
4903	#FFFFFF	#D3D3D3	47
4904	#FFFFFF	#D3D3D3	47
4905	#FFFFFF	#D3D3D3	47
4906	#FFFFFF	#D3D3D3	55
4907	#FFFFFF	#D3D3D3	55
4908	#FFFFFF	#D3D3D3	55
4909	#FFFFFF	#D3D3D3	55
4910	#FFFFFF	#D3D3D3	55
4911	#FFFFFF	#D3D3D3	152
4912	#FFFFFF	#D3D3D3	159
4913	#FFFFFF	#D3D3D3	95
4914	#FFFFFF	#D3D3D3	31
4915	#FFFFFF	#D3D3D3	31
4916	#FFFFFF	#D3D3D3	31
4917	#FFFFFF	#D3D3D3	78
4918	#FFFFFF	#D3D3D3	78
4919	#FFFFFF	#D3D3D3	31
4920	#FFFFFF	#D3D3D3	78
4921	#FFFFFF	#D3D3D3	31
4922	#FFFFFF	#D3D3D3	31
4923	#FFFFFF	#D3D3D3	31
4924	#FFFFFF	#D3D3D3	95
4925	#FFFFFF	#D3D3D3	128
4926	#FFFFFF	#D3D3D3	128
4927	#FFFFFF	#D3D3D3	128
4928	#FFFFFF	#D3D3D3	128
4929	#FFFFFF	#D3D3D3	128
4930	#FFFFFF	#D3D3D3	128
4935	#FFFFFF	#D3D3D3	95
4945	#FFFFFF	#D3D3D3	95
4946	#FFFFFF	#D3D3D3	95
4947	#FFFFFF	#D3D3D3	95
4948	#FFFFFF	#D3D3D3	95
4949	#FFFFFF	#D3D3D3	95
4951	#FFFFFF	#D3D3D3	95
4952	#FFFFFF	#D3D3D3	95
4953	#FFFFFF	#D3D3D3	47
4954	#FFFFFF	#D3D3D3	47
4955	#FFFFFF	#D3D3D3	47
4956	#FFFFFF	#D3D3D3	55
4957	#FFFFFF	#D3D3D3	55
4958	#FFFFFF	#D3D3D3	55
4959	#FFFFFF	#D3D3D3	55
4960	#FFFFFF	#D3D3D3	55
4961	#FFFFFF	#D3D3D3	152
4962	#FFFFFF	#D3D3D3	152
4963	#FFFFFF	#D3D3D3	95
4964	#FFFFFF	#D3D3D3	159
4965	#FFFFFF	#D3D3D3	31
4966	#FFFFFF	#D3D3D3	31
4967	#FFFFFF	#D3D3D3	31
4968	#FFFFFF	#D3D3D3	31
4969	#FFFFFF	#D3D3D3	78
4970	#FFFFFF	#D3D3D3	78
4971	#FFFFFF	#D3D3D3	78
4972	#FFFFFF	#D3D3D3	31
4973	#FFFFFF	#D3D3D3	31
4974	#FFFFFF	#D3D3D3	95
4975	#FFFFFF	#D3D3D3	128
4976	#FFFFFF	#D3D3D3	128
4977	#FFFFFF	#D3D3D3	128
4978	#FFFFFF	#D3D3D3	128
4979	#FFFFFF	#D3D3D3	128
4980	#FFFFFF	#D3D3D3	128
4981	#FFFFFF	#D3D3D3	128
4985	#FFFFFF	#D3D3D3	95
4996	#FFFFFF	#D3D3D3	95
4997	#FFFFFF	#D3D3D3	95
4998	#FFFFFF	#D3D3D3	95
4999	#FFFFFF	#D3D3D3	95
5000	#FFFFFF	#D3D3D3	95
5001	#FFFFFF	#D3D3D3	95
5002	#FFFFFF	#D3D3D3	95
5003	#FFFFFF	#D3D3D3	95
5004	#FFFFFF	#D3D3D3	47
5005	#FFFFFF	#D3D3D3	47
5006	#FFFFFF	#D3D3D3	55
5007	#FFFFFF	#D3D3D3	55
5008	#FFFFFF	#D3D3D3	55
5009	#FFFFFF	#D3D3D3	152
5010	#FFFFFF	#D3D3D3	152
5011	#FFFFFF	#D3D3D3	152
5012	#FFFFFF	#D3D3D3	152
5013	#FFFFFF	#D3D3D3	159
5014	#FFFFFF	#D3D3D3	95
5015	#FFFFFF	#D3D3D3	159
5016	#FFFFFF	#D3D3D3	31
5017	#FFFFFF	#D3D3D3	31
5018	#FFFFFF	#D3D3D3	31
5019	#FFFFFF	#D3D3D3	31
5020	#FFFFFF	#D3D3D3	78
5021	#FFFFFF	#D3D3D3	78
5022	#FFFFFF	#D3D3D3	78
5023	#FFFFFF	#D3D3D3	31
5024	#FFFFFF	#D3D3D3	31
5025	#FFFFFF	#D3D3D3	95
5026	#FFFFFF	#D3D3D3	128
5027	#FFFFFF	#D3D3D3	128
5028	#FFFFFF	#D3D3D3	128
5029	#FFFFFF	#D3D3D3	128
5030	#FFFFFF	#D3D3D3	128
5031	#FFFFFF	#D3D3D3	128
5032	#FFFFFF	#D3D3D3	128
5036	#FFFFFF	#D3D3D3	95
5046	#FFFFFF	#D3D3D3	95
5047	#FFFFFF	#D3D3D3	95
5048	#FFFFFF	#D3D3D3	95
5049	#FFFFFF	#D3D3D3	95
5050	#FFFFFF	#D3D3D3	47
