x	y
0.24681403741919	0.396854210730833
0.67483353245742	1.35920405775933
0.00238522466572994	0.00291543119450383
0.241312718731321	0.374714571302953
0.0604012892633364	0.0910802976178876
-0.0685764870186517	0.0867423073383635
0.354087300803962	0.831119088562372
0.245361633844904	0.580212666496345
-0.113299545957222	0.159853539781619
-0.286994029142281	0.594141003149019
-0.299266642243955	0.562408361648696
0.108952956937719	0.193419295274034
0.222068424983497	0.313296793010787
-0.108308138988303	0.147401170096444
-0.882164840438638	2.30384219735281
-0.061825085335251	0.0918564299943675
0.485157138453677	0.759647397783255
-0.0289315903780426	0.0377321943062721
0.0877487236676044	0.100812192324507
-0.298574208651631	0.457501997069621
0.397799451172521	0.843186035513146
0.52279445628838	0.891850504562978
-0.184126454355105	0.234628408852973
0.132114195481203	0.173913606313862
